{"xjwzxigqs3Eu+5MWifs2VA==":"danbo-transparent-free-png.png-1007x1007.png","0NVmv6STtci0m1GpYfZQGQ==":"danbo-2527319-1280-copy.jpg-1261x1280.jpg","kiMqgrHnBxvjZhOqCu6H7w==":"danbo-2527319-1280-copy.jpg-1261x1280.jpeg","x1A/4LD0dYsOb+ulyvvdCg==":"happy-cardboard-robot-box-character-design.png-950x950.png","mxGGILKB40M+p82GUt9MCw==":"mbr-1920x1079.jpg","HtRLFb14dQJFs+k3WIXMPg==":"sipl-logo-generic.png-120x26.png","s3gSLGHYokZo6RX8D2YEIQ==":"sipl-logo-generic.png-80x17.png","s1fooxOLeSxScnVcXiShFA==":"024848107216649.5fb1cfec9eee3.jpg-700x438.jpg","gJH4G1fqemM0rmOrt4DFZA==":"danbo-transparent-free-png.png-700x700.png","nLr01Ad0jMfUw4nOedF+BA==":"sipl-logo-crest.png-73x73.png","DwMA6vo9er6GC16EMU9lfA==":"corrugated-items-1.jpg-386x386.jpg","DX6Ya3izX4AuHusGbC94mQ==":"corrugated-items-1.jpg-250x250.jpg","cHTAeW+wVYbm1espJ92dQg==":"copy-of-corrugated-items.jpg-1080x1080.jpg","Ml30K03GoSIuqicwVk+Vwg==":"copy-of-corrugated-items.png-1080x1080.png","0bD3R3s7RAS0tTwelQmwvg==":"product-jpeg.jpg-1080x1087.jpeg","4Wr1zvk2lh5F5lWkEBygLA==":"greenwrap.jpg-696x696.jpg","4g8xFM2je/6Kf9kJ9A/76Q==":"8.jpg-1080x1080.jpg","wEO09+foPJLtu/DNfOQWDQ==":"1.jpg-1080x1080.jpg","e4QRQgFPrf46g+FBb7QEDQ==":"9.jpg-1080x1080.jpg","I5GITzdMWMKDsdNU8UOlCA==":"9.jpg-1-1080x1080.jpg","hmKaekAPkIxebkQN2Rxntw==":"16.jpg-1080x1080.jpg","eNtn8fCpoh7+NQmJs3gKHg==":"15.jpg-1080x1080.jpg","BMJrDjd/+0OhcNOv0MgUyg==":"12.jpg-1080x1080.jpg","KgaP4ZZRFDReCRXIE6fUXw==":"13.jpg-1080x1080.jpg","jQw6/l5CXRFCyOKofujWcA==":"14.jpg-1080x1080.jpg","P28Mf4ck+W7MjMg2RqOEKA==":"4.jpg-1080x1080.jpg","NNpGiLwaB+/NSNd4mXpJTA==":"5.jpg-1-1080x1080.jpg","L548XTH5n0dsTo7Zb/aL/A==":"2.jpg-1080x1080.jpg","lRhr6+T/GoJiHIm/vf4ugg==":"images-2.jpeg-120x120.jpg","4CUdMonvoDV26ilCWIdBSg==":"12_f9292ca0-6861-48a1-b791-51e439414990_1800x1800.webp","1Po+Lu2mg9RZQJufvuCggA==":"12_f9292ca0-6861-48a1-b791-51e439414990_1800x1800-1.webp","YcnaiJ5abgLZUJZoZn3AuQ==":"hive-wrap-6-3aa05709-e658-4501-b304-09a08375fd66..jpg-120x120.jpg","OqHMOjHfyxKZFDJQbrS9sA==":"images-3.jpeg-120x109.jpg","dtCM7rzQMfeGdaixob3kRg==":"airtel.png-400x133.png","Cn+/bjnQUtEi4xIaeClunQ==":"uflex-logo-comp270432-modified.png-400x119.png","DI3Bva4Ogsfl2On/c4q86g==":"gf2019-primary-logo-restricted-rgb-light-copy.png-400x175.png","kYadfMIWE4m8g9V45yefVg==":"image-11.png-300x155.png","Qya6WZNP1SSoO5ND50mvtw==":"l.6.1.png-367x200.png","cLHQLO3ruJspr10xctlrdQ==":"logo-v1.png-400x171.png","eypgXZDqA/l/mDgynxTc8g==":"mango-4-logo.png-400x300.png","pJ1umsTJeEOPOUDST4uxnw==":"paytm-transparent-paytm-free-free-png.webp","cV80CjSxFpg+eIZlj60uLw==":"pier-1-imports-logo-png-seeklogo-108776-modified.png-320x320.png","75fS8p96AJD/DCnfqNQfzA==":"skyy-vodka-logo-png-seeklogo-235365.png-320x320.png","1GL9GCGsB6YWdpzNm4fzDA==":"target-logo.png-400x400.png","XmSg3V6oZHIdvI1/j3jQ/Q==":"walmart-logo-black-transparent-1.png-400x100.png","XZBj3fztw934n1GiVR2+qw==":"zara-retailer-logo.wine.png-400x267.png","p0Zh91EP0cusoOMRlDcYoQ==":"image-11.png-1-300x155.png","ZJJ2b68BUrEIJAPJEKrSOA==":"65ba24c53ed1a506c5207264-idema.png-400x160.png","Ngs5RfToeZChKJkCCh7uVA==":"logo-white-modified.png-400x173.png","LW1Eog7gFbGVfHmF4ht7bg==":"stemrobo-final-min-1-e1675753942619-1536x388-1-modified.png-400x101.png","Dhmnc4xtoE/TiLh+E32Kjw==":"677f4b4dcc79523c1f225b121d538d99.webp","lt5ep19sDPRgjSOS9SDssA==":"new-project-240x49.png-232x48.png","9oLEhhzz9FBunqDlHW7Lug==":"bata_logo_icon-247492.webp","SvwRvYlu/KIJSRGASwu7yw==":"botnia-card-landscape-business-card-321-x-100-px-d76b10f5-2ce1-40d2-b5a4-b17b882adf9b-removebg-preview.png-400x209.png","wpYvEdCffD3+zO1ts5NUNQ==":"new-project-4-240x98.png-156x97.png","mAuYPSB57GrIQudesmTkuQ==":"land-rover-logo-transparent-image.png-400x211.png","MlTGp//QZAwNWAPan05M4w==":"logo-modified.png-400x136.png","htzGq458pYOF6Xrg26TzkQ==":"logo.png-400x136.png","Azx1DtSjlxWzK2q3+1gubA==":"logo1-modified.png-400x171.png","sJfbmUZgePiJnpoOoSflnw==":"new-project-1-240x86.png-240x86.png","ZnljZug2p0FyjqNXYaCl3g==":"boxzo-presentation.jpg-816x459.jpeg","W6bi0PWCKzGt7d1MkR7qbw==":"logo-final.png-816x169.png","KTTw8Ppx9SEvLrRKKvnn+w==":"logo-final.png-1-816x169.png","jXrxbT+Up+JQDqZRE6WywA==":"brands-boxzo.jpg-816x608.jpg","/0QDjfp4gIrzWTcL7mFQOw==":"brands-bubblestack.jpg-816x608.jpg","WbPj2zrM4kwojoH7O2Tl/g==":"max_fashion_logo_with_tagline-modified.webp","gD4EK5rYcVLVJ/97SU4qvQ==":"mbr-1920x1364.jpg","H8nqJRa5HDdsGqAIPDgqeg==":"mbr-1920x1262.jpg","QmChsUTNJ8pU3Ys9EhvTdA==":"mbr-1920x1439.jpg","3oYmCULO1kuM5i1VaEO8Xg==":"mbr-1920x1280.jpg","lztOuXUAlmQRMEhHpaoByA==":"mbr-1920x1013.jpg","NFpIEeHDDyYwfXwm9sErFQ==":"img-5320-1.jpg-750x1125.jpg","+JmyE5yFFlixJhDOfs7Aug==":"img-5320-1.jpg-750x1125.jpeg","iRh5cwhHbMpMWuT6QjMI0A==":"fpkechzxwaeqdhm-1.jpg-1221x1829.jpg","5pl1WHsbOfdxOHwyeya0QA==":"img-5348-copy-2-1.jpg-750x1050.jpg","7Ob7BFHN/nsPo/pueG+5wA==":"a7407457-2-1.jpg-862x647.jpg","gVBjnw+n6TfCOtQZlBzawA==":"pexels-tima-miroshnichenko-6169019-1373x2060.jpg","WCkzR9Hw6llPZuk+kvbI2g==":"shipper-1317x1976.jpg","pRktS8P4G6eigPb1WpfvTw==":"shipper%25202-926x1389.jpg","Knci8fwUQJVPx0oCy1/8Fg==":"shipper%25204-926x1389.jpg","l2nh46nuEPc1tvYWedKoYQ==":"die-cut%25201-1373x2060.jpg","jxK6nALYR9j8EgG1xR3bng==":"die-cut%25201-1373x2060.jpeg","SE9XaF1Tw8wxMKI8/gNTSw==":"die-cut%25202-1317x2341.jpg","dNx3XVx8/wVTLMZJcEnoQA==":"shipper%2520boxes-1373x915.jpg","0QPK4UNx0GT1RQa9T94tvw==":"loading%2520in%2520truck-926x1646.jpg","qbSe6yya+OPw/6L6baxEwg==":"loading%2520in%2520truck-926x1646.jpeg","SRJb+u+OS8tFu0iMvy4XaA==":"diecut%252012-1373x915.jpg","+VNP8XLybLVRGKUUq+U41g==":"diecut%252013-1317x879.jpg","2k02K/VBYZ6AxuvdnRggXQ==":"rigit%2520box-685x858.png","RiNmJHs/vciPTUDRz0/FjQ==":"rigit%2520box-685x858.png","8UXqWlWHncsHV4kHMd/7hQ==":"rigit%252012-1066x1600.jpg","WQ7c/PXouLjv5jwM5CtMzg==":"rigit%252012-1066x1600.jpeg","NefGJvJH0LC1hd52XlLDwg==":"rigit%252012-1066x1600.jpeg","9W4wPcKRszI5iS48a6xaJA==":"house%2520moving%2520box-1373x2060.jpg","70l4FriYz43hduEeSjmeig==":"house%2520moving%2520box-1373x2060.jpeg","geR9zWk+qPpefGh/Smv8nQ==":"die-cut%25202-1317x2341.jpeg","IhjMturkqyu+ouIuLcc3Ng==":"house%2520moving%252014-926x1389.jpg","9hLOGb53SrXApUiKfPvPKA==":"house%2520moving%252018-926x1389.jpg","3uowVe34fEezQVJmiSv2nQ==":"bubble%2520roll-1373x2060.jpg","+k9+1AJCmjN7/iVDMbW1ug==":"bubble%2520roll%25202-1317x878.jpg","RjORJ0E0Q02O592Mb9qDSA==":"bubble%2520roll%25203-926x617.jpg","f7le4/Q10guiQjQtWd5jog==":"stretch%2520film-500x404.jpg","Uhugy5do3qwwqv97I0I8nw==":"stretch%2520film%25202-236x314.jpg","lwH470t17SKkW6Ps3utMvw==":"stretch%25203-474x474.jpg","85YVIgzAwU2i8e2Q90GTIA==":"stretch%2520film%25204-450x450.jpg","ez+XajmRiIw3JfN7InyT6Q==":"epe-735x736.jpg","haUr21vwdT04WftZLMS2og==":"epe%25202-736x736.jpg","Lp5s8TwEIIW714s4UDIPmQ==":"stretxh%252010-474x474.jpg","Yjsx9G4zGYc2c/ufrSpWLA==":"epe%25203-600x600.jpg","sc0yQXUUEN+nbP1UZxNz8A==":"epe%25204-500x500.jpg","pixZEmF5ZFKht7SGGkphLg==":"honeycomb%25201-736x736.jpg","0mI/VS5bNC3rFRTYLgBSwA==":"honeycomb%25202-236x236.jpg","CVGalZJJ1IP5Oj4kqEtVrw==":"honeycomb%252022-1373x2060.jpg","Zdrg0NR/utYTjgKKuGGFrw==":"honeycom%252024-736x1103.jpg","ksinCCLBKvElLm30ymFIjQ==":"honeycom%252025-736x707.jpg","2p8OQx00Pu7ssjOkUewqLA==":"honeycom%252025-736x707.jpeg","Ti8Qa5B2GwLvccTFEThUyQ==":"honeycom%252025-736x707.jpeg","iMUYVItky3Z3Yv3BgjJK7A==":"corrugated%2520roll%25201-736x736.jpg","TKlCD5UUugNBxY83tbhlOw==":"corrugated%2520rollm%25202-700x700.jpg","3J+Sm4PN8Baxm7eLL2eooA==":"corrugated%2520roll%25203-500x500.jpg","7WxBx2AZerKFaiFhM8XEMg==":"corrugated%2520roll%25204-480x640.jpg","BXRtKwTKq6JFUn1EbsUjvQ==":"paper%2520tube-480x330.jpg","COP1aoyqfKGvfF4usYa4/g==":"paper%2520tube%25203-627x640.jpg","c5HCTjCLFm6z1KemAhdJWg==":"paper%2520tube%25202-626x626.jpg","0bUxWfOEKHDd5oLUMj+46A==":"paper%2520tube%25204-560x747.jpg","g8j+K7jRobVAzp5osojFXw==":"angle%2520board%25201-500x332.jpg","yH0zxUGRIODvwW51rDPCXg==":"angle%2520boad%25202-736x736.jpg","8VUzd+jWCDBdnEKNkr1Pvw==":"angel%2520board%25203-500x500.jpg","smrshfDxEdx/VUKihXpaRg==":"angel-500x500.jpg","H9MJhWI8bCOj/tg9130kTA==":"tape%25202-1317x878.jpg","E8XkQYl/1JwB1WTMAv0idA==":"bopp%2520tape-926x617.jpg","Q7mTyYuwLo1J1ZwaZ8J1hA==":"bopp%2520tape%252022-926x617.jpg","dwByekIApfF4qDNqxfspBA==":"grass%25201-1373x915.jpg","yr2E2EQ59aX6H1ZXkHjXtQ==":"grass%25204-1317x879.jpg","xL669vd55CzLutWfLAF8VQ==":"grass%25202-926x617.jpg","p3ZbUyXf+vtzxRmpRtwYBA==":"grass3-926x618.jpg","zQ/nsDi8QlEHdd8kmuSCHQ==":"paper%2520bags-1373x2060.jpg","RWssGBIlV5gDmUSs32BX4Q==":"paper%2520bags%25202-1317x1976.jpg","SigfthmlvZJLHBcWItNjAw==":"paper%2520bags%25203-926x1389.jpg","7xUJJt5/NFLRquy72Dz2Vg==":"paper%2520bags%25204-926x617.jpg","hT2i4V6Cebg60ztD7okOPQ==":"pattern%25201-736x920.jpg","hw+pJxROt7MsIEHvS8KTXA==":"pattern%25203-736x736.jpg","1obMzQsBSgmfyqA5qDeHSg==":"pattern%25202-736x736.jpg","cn4IlmTI0Y3CASNhc3uOEw==":"pattern%25202-736x736.jpeg","/jtcN4K6wUyrRXwcJW85Rw==":"patter%25204-300x300.jpg","fHcSeASfpV7KAg0MImH/Ww==":"angel%2520board%25203-500x469.jpg","szn2Mw+ZmbI1f5ifc7knLg==":"rigid-1373x915.jpg","Tx1l0BY/VFou1t2uSQT4yw==":"rigid%25202-1317x1976.jpg","/rJyqA2OyChVGQOSsvqVpw==":"rigid%25202-1317x1976.jpeg","Bd9a6HDDfzzwRohoYU0jmA==":"strtch%2520film-480x360.jpg","OUrO2QMJlfQwEegRluiExA==":"strtch%2520film-480x360.jpeg","k/y7Uv3LlAqCDiXWdZZS6w==":"pattern%2520paper-926x926.png","tNuOnHW1clCH3xG14U+KQw==":"pattern%2520paper%25202-926x926.png","qD6oGCcLTJVvrk44HP/Rkw==":"edge%2520protector-926x926.png","JugDIREdA6DUTMwv2mqINw==":"edge%2520protector%25202-926x926.png","rKzI5DP29sG/L2DSIYROLw==":"core%2520pipe-926x926.png","65s9uAXaupRzmTj6lCm8zg==":"core%2520pipe%25202-926x926.png","Tb40t9dJTHp42nrbWVOkLw==":"corrugated%2520kraft%2520paper%2520roll-926x926.png","4sei0v5msuL73mrFRWg0Zw==":"honeycom%252025-736x707.jpeg","w6GOpo+r+O2NJ/o3n3IeLA==":"honeycom%252025-736x707.jpeg","Le47NrSuTtsSWKbcr64kXw==":"honeycom%252025-736x707.jpeg","dVJEWEWoHHMgHjHEzXNnzQ==":"honeycomb%25201-926x926.png","dJ5pErTGlffkf4Syqsfksw==":"epe%2520foam-926x926.png","QBSTKReNep24fLT1q+7mpg==":"epe%2520foam%25202-926x926.png","9y/wl2nGDJMfSqqeGCrtiQ==":"stretch%2520film-926x926.png","G1cPqoTjV9Xp7yq/o0eeWA==":"2-926x926.png","dOe+Sh0Iq4R8s8nHPtPfMg==":"bubblewrap-926x926.png","dh2zY8OO1WKis5yNHUOf5A==":"bubble%2520roll-1373x2060.jpeg","siqDuyz2qroyoXr9P4F4gA==":"logo%2520of%2520bubble%2520stack-90x21.png","dJcKWc6L0SbuHyGjYtg6TQ==":"logo%2520of%2520bubble%2520stack-90x21.png","HmDnU+MpQdYM/TruyzRTag==":"layer%2520paper-1024x1024.png","Vdi2nAdBYlxIE5b8g4PnnA==":"layer%2520paper2-926x926.png","QKEb/d5Yt4B9SOoTdUpuaA==":"layer%2520paper3-926x926.png","KuozQIWrppmKJ10gZwokHA==":"pattern%2520paper%252012-1024x1024.png","ENbUFDOtnsQGfKHeqmhv5g==":"paper%2520bags-1373x2060.jpeg","Spg7pXuhxiu4hcbDEon5Qg==":"pexels-tima-miroshnichenko-6169019-1373x2060.jpeg","P1yoUr8D5DSCVk+giOfMnQ==":"honeycomb%252022-1373x2060.jpeg","OYulV8cW+0AKW24FyXpz5w==":"bubble%2520pouch%25201-1024x1024.png","dLTQrnua8uxIMnoWYl1GqQ==":"layer%2520paper%2520new%252012-1024x1024.png","JJ0k1DvzmP2Bb4MyL1Fdkw==":"layer%2520paper%2520new%252015-1024x1024.png","Sp970uYgjwBTLN7fLPzx3A==":"image%25201-500x500.png","XYuPflFbOuKU3jUweSy0AA==":"logo%2520imgae%2520up%2520load-666x375.png","601Ho2vWxk+U3V92/SkuZg==":"back-666x375.png","bmfBuFA+ANJ3Da/AvKuD1A==":"final%2520fsc-541x183.png","j4W1MgXBeX6yG+r9caK8vw==":"final-542x170.png","GUrfwcb1x39HRahDzCPFqQ==":"bubblestack-926x221.png","w5LY3YAOomDkNS2yXIzUYA==":"bubblestack%2520(1)-926x221.png","kLtTnEx0l6td6NS9nI9jWg==":"bubble%2520roll-1373x2060.jpeg","FBFfNz8R0p28xiSKcK1O2A==":"finanl%2520for%2520bubble-304x183.png","4JheyJg9lxd9RaCW0nkLeg==":"18.jpg-1080x1080.jpg","rc2QhHUXlokPJQJ357pRlg==":"studio_desktop-pp-features-paper-bubble-wrap-3b-1200x1200.jpg","MXRdyh6Yfy7QtsM1+WCjNA==":"1.jpg-1080x1080-800x800.jpg","bud9XropIErXGqDqdpjh5Q==":"8.jpg-1080x1080-800x800.jpg","wMDHVqeyLgAUwSYy6AHjeA==":"9.jpg-1-1080x1080-800x800.jpg","NN4ubW1PjCfw02jbj75Mnw==":"3.jpg-1080x1080.jpg","wveojCmYXXZ4LDsQeRr97g==":"1.jpg-1080x1080-800x800.jpg","GgfrrSwUcE+wfPgFDfNAXA==":"8.jpg-1080x1080-800x800.jpg"}